[
  {
    "type": "post",
    "url": "/auth/login",
    "title": "Authenticate",
    "name": "Authenticate",
    "group": "Auth",
    "permission": [
      {
        "name": "master",
        "title": "Master access only",
        "description": "<p>You must pass <code>access_token</code> parameter or a Bearer Token authorization header to access this endpoint.</p>"
      }
    ],
    "header": {
      "fields": {
        "Header": [
          {
            "group": "Header",
            "type": "String",
            "optional": false,
            "field": "Authorization",
            "description": "<p>Basic authorization with email and password.</p>"
          }
        ]
      }
    },
    "parameter": {
      "fields": {
        "Parameter": [
          {
            "group": "Parameter",
            "type": "String",
            "optional": false,
            "field": "access_token",
            "description": "<p>Master access_token.</p>"
          }
        ]
      }
    },
    "success": {
      "fields": {
        "Success 201": [
          {
            "group": "Success 201",
            "type": "String",
            "optional": false,
            "field": "token",
            "description": "<p>User <code>access_token</code> to be passed to other requests.</p>"
          },
          {
            "group": "Success 201",
            "type": "Object",
            "optional": false,
            "field": "user",
            "description": "<p>Current user's data.</p>"
          }
        ]
      }
    },
    "error": {
      "fields": {
        "Error 4xx": [
          {
            "group": "Error 4xx",
            "optional": false,
            "field": "401",
            "description": "<p>Master access only or invalid credentials.</p>"
          }
        ]
      }
    },
    "version": "0.0.0",
    "filename": "src/api/auth/index.js",
    "groupTitle": "Auth"
  },
  {
    "type": "post",
    "url": "/cours",
    "title": "Create cours",
    "name": "CreateCours",
    "group": "Cours",
    "permission": [
      {
        "name": "admin",
        "title": "Admin access only",
        "description": "<p>You must pass <code>access_token</code> parameter or a Bearer Token authorization header to access this endpoint.</p>"
      }
    ],
    "parameter": {
      "fields": {
        "Parameter": [
          {
            "group": "Parameter",
            "type": "String",
            "optional": false,
            "field": "access_token",
            "description": "<p>admin access token.</p>"
          },
          {
            "group": "Parameter",
            "optional": false,
            "field": "name",
            "description": "<p>Cours's name.</p>"
          },
          {
            "group": "Parameter",
            "optional": false,
            "field": "title",
            "description": "<p>Cours's title.</p>"
          },
          {
            "group": "Parameter",
            "optional": false,
            "field": "introText",
            "description": "<p>Cours's introText.</p>"
          },
          {
            "group": "Parameter",
            "optional": false,
            "field": "introImage",
            "description": "<p>Cours's introImage.</p>"
          },
          {
            "group": "Parameter",
            "optional": false,
            "field": "targetText",
            "description": "<p>Cours's targetText.</p>"
          },
          {
            "group": "Parameter",
            "optional": false,
            "field": "targetImage",
            "description": "<p>Cours's targetImage.</p>"
          },
          {
            "group": "Parameter",
            "optional": false,
            "field": "activeTime",
            "description": "<p>Cours's activeTime.</p>"
          },
          {
            "group": "Parameter",
            "optional": false,
            "field": "price",
            "description": "<p>Cours's price.</p>"
          },
          {
            "group": "Parameter",
            "optional": false,
            "field": "lessons",
            "description": "<p>Cours's lessons.</p>"
          },
          {
            "group": "Parameter",
            "optional": false,
            "field": "status",
            "description": "<p>Cours's status.</p>"
          }
        ]
      }
    },
    "success": {
      "fields": {
        "Success 200": [
          {
            "group": "Success 200",
            "type": "Object",
            "optional": false,
            "field": "cours",
            "description": "<p>Cours's data.</p>"
          }
        ]
      }
    },
    "error": {
      "fields": {
        "Error 4xx": [
          {
            "group": "Error 4xx",
            "type": "Object",
            "optional": false,
            "field": "400",
            "description": "<p>Some parameters may contain invalid values.</p>"
          },
          {
            "group": "Error 4xx",
            "optional": false,
            "field": "404",
            "description": "<p>Cours not found.</p>"
          },
          {
            "group": "Error 4xx",
            "optional": false,
            "field": "401",
            "description": "<p>admin access only.</p>"
          }
        ]
      }
    },
    "version": "0.0.0",
    "filename": "src/api/cours/index.js",
    "groupTitle": "Cours"
  },
  {
    "type": "delete",
    "url": "/cours/:id",
    "title": "Delete cours",
    "name": "DeleteCours",
    "group": "Cours",
    "permission": [
      {
        "name": "admin",
        "title": "Admin access only",
        "description": "<p>You must pass <code>access_token</code> parameter or a Bearer Token authorization header to access this endpoint.</p>"
      }
    ],
    "parameter": {
      "fields": {
        "Parameter": [
          {
            "group": "Parameter",
            "type": "String",
            "optional": false,
            "field": "access_token",
            "description": "<p>admin access token.</p>"
          }
        ]
      }
    },
    "success": {
      "fields": {
        "Success 204": [
          {
            "group": "Success 204",
            "optional": false,
            "field": "204",
            "description": "<p>No Content.</p>"
          }
        ]
      }
    },
    "error": {
      "fields": {
        "Error 4xx": [
          {
            "group": "Error 4xx",
            "optional": false,
            "field": "404",
            "description": "<p>Cours not found.</p>"
          },
          {
            "group": "Error 4xx",
            "optional": false,
            "field": "401",
            "description": "<p>admin access only.</p>"
          }
        ]
      }
    },
    "version": "0.0.0",
    "filename": "src/api/cours/index.js",
    "groupTitle": "Cours"
  },
  {
    "type": "get",
    "url": "/cours/:id",
    "title": "Retrieve cour",
    "name": "Detail_Cours",
    "group": "Cours",
    "permission": [
      {
        "name": "admin",
        "title": "Admin access only",
        "description": "<p>You must pass <code>access_token</code> parameter or a Bearer Token authorization header to access this endpoint.</p>"
      }
    ],
    "parameter": {
      "fields": {
        "Parameter": [
          {
            "group": "Parameter",
            "type": "String",
            "optional": false,
            "field": "access_token",
            "description": "<p>admin access token.</p>"
          }
        ]
      }
    },
    "success": {
      "fields": {
        "Success 200": [
          {
            "group": "Success 200",
            "type": "Object",
            "optional": false,
            "field": "cours",
            "description": "<p>Cours's data.</p>"
          }
        ]
      }
    },
    "error": {
      "fields": {
        "Error 4xx": [
          {
            "group": "Error 4xx",
            "type": "Object",
            "optional": false,
            "field": "400",
            "description": "<p>Some parameters may contain invalid values.</p>"
          },
          {
            "group": "Error 4xx",
            "optional": false,
            "field": "404",
            "description": "<p>Cours not found.</p>"
          },
          {
            "group": "Error 4xx",
            "optional": false,
            "field": "401",
            "description": "<p>admin access only.</p>"
          }
        ]
      }
    },
    "version": "0.0.0",
    "filename": "src/api/cours/index.js",
    "groupTitle": "Cours"
  },
  {
    "type": "get",
    "url": "/cours/public",
    "title": "Get Public Courses",
    "name": "GetPublicCourse_(_for_guess_)",
    "group": "Cours",
    "success": {
      "fields": {
        "Success 200": [
          {
            "group": "Success 200",
            "type": "Object[]",
            "optional": false,
            "field": "cours",
            "description": "<p>List of cours.</p>"
          }
        ]
      }
    },
    "error": {
      "fields": {
        "Error 4xx": [
          {
            "group": "Error 4xx",
            "type": "Object",
            "optional": false,
            "field": "400",
            "description": "<p>Some parameters may contain invalid values.</p>"
          },
          {
            "group": "Error 4xx",
            "optional": false,
            "field": "401",
            "description": "<p>admin access only.</p>"
          }
        ]
      }
    },
    "version": "0.0.0",
    "filename": "src/api/cours/index.js",
    "groupTitle": "Cours",
    "parameter": {
      "fields": {
        "Parameter": [
          {
            "group": "Parameter",
            "type": "String",
            "optional": true,
            "field": "q",
            "description": "<p>Query to search.</p>"
          },
          {
            "group": "Parameter",
            "type": "Number",
            "size": "1..30",
            "optional": true,
            "field": "page",
            "defaultValue": "1",
            "description": "<p>Page number.</p>"
          },
          {
            "group": "Parameter",
            "type": "Number",
            "size": "1..100",
            "optional": true,
            "field": "limit",
            "defaultValue": "30",
            "description": "<p>Amount of returned items.</p>"
          },
          {
            "group": "Parameter",
            "type": "String[]",
            "optional": true,
            "field": "sort",
            "defaultValue": "-createdAt",
            "description": "<p>Order of returned items.</p>"
          },
          {
            "group": "Parameter",
            "type": "String[]",
            "optional": true,
            "field": "fields",
            "description": "<p>Fields to be returned.</p>"
          }
        ]
      }
    }
  },
  {
    "type": "get",
    "url": "/cours",
    "title": "Retrieve cours",
    "name": "RetrieveCours",
    "group": "Cours",
    "permission": [
      {
        "name": "admin",
        "title": "Admin access only",
        "description": "<p>You must pass <code>access_token</code> parameter or a Bearer Token authorization header to access this endpoint.</p>"
      }
    ],
    "parameter": {
      "fields": {
        "Parameter": [
          {
            "group": "Parameter",
            "type": "String",
            "optional": false,
            "field": "access_token",
            "description": "<p>admin access token.</p>"
          },
          {
            "group": "Parameter",
            "type": "String",
            "optional": true,
            "field": "q",
            "description": "<p>Query to search.</p>"
          },
          {
            "group": "Parameter",
            "type": "Number",
            "size": "1..30",
            "optional": true,
            "field": "page",
            "defaultValue": "1",
            "description": "<p>Page number.</p>"
          },
          {
            "group": "Parameter",
            "type": "Number",
            "size": "1..100",
            "optional": true,
            "field": "limit",
            "defaultValue": "30",
            "description": "<p>Amount of returned items.</p>"
          },
          {
            "group": "Parameter",
            "type": "String[]",
            "optional": true,
            "field": "sort",
            "defaultValue": "-createdAt",
            "description": "<p>Order of returned items.</p>"
          },
          {
            "group": "Parameter",
            "type": "String[]",
            "optional": true,
            "field": "fields",
            "description": "<p>Fields to be returned.</p>"
          }
        ]
      }
    },
    "success": {
      "fields": {
        "Success 200": [
          {
            "group": "Success 200",
            "type": "Object[]",
            "optional": false,
            "field": "cours",
            "description": "<p>List of cours.</p>"
          }
        ]
      }
    },
    "error": {
      "fields": {
        "Error 4xx": [
          {
            "group": "Error 4xx",
            "type": "Object",
            "optional": false,
            "field": "400",
            "description": "<p>Some parameters may contain invalid values.</p>"
          },
          {
            "group": "Error 4xx",
            "optional": false,
            "field": "401",
            "description": "<p>admin access only.</p>"
          }
        ]
      }
    },
    "version": "0.0.0",
    "filename": "src/api/cours/index.js",
    "groupTitle": "Cours"
  },
  {
    "type": "put",
    "url": "/cours/:id",
    "title": "Update cours",
    "name": "UpdateCours",
    "group": "Cours",
    "permission": [
      {
        "name": "admin",
        "title": "Admin access only",
        "description": "<p>You must pass <code>access_token</code> parameter or a Bearer Token authorization header to access this endpoint.</p>"
      }
    ],
    "parameter": {
      "fields": {
        "Parameter": [
          {
            "group": "Parameter",
            "type": "String",
            "optional": false,
            "field": "access_token",
            "description": "<p>admin access token.</p>"
          },
          {
            "group": "Parameter",
            "optional": false,
            "field": "name",
            "description": "<p>Cours's name.</p>"
          },
          {
            "group": "Parameter",
            "optional": false,
            "field": "title",
            "description": "<p>Cours's title.</p>"
          },
          {
            "group": "Parameter",
            "optional": false,
            "field": "introText",
            "description": "<p>Cours's introText.</p>"
          },
          {
            "group": "Parameter",
            "optional": false,
            "field": "introImage",
            "description": "<p>Cours's introImage.</p>"
          },
          {
            "group": "Parameter",
            "optional": false,
            "field": "targetText",
            "description": "<p>Cours's targetText.</p>"
          },
          {
            "group": "Parameter",
            "optional": false,
            "field": "targetImage",
            "description": "<p>Cours's targetImage.</p>"
          },
          {
            "group": "Parameter",
            "optional": false,
            "field": "activeTime",
            "description": "<p>Cours's activeTime.</p>"
          },
          {
            "group": "Parameter",
            "optional": false,
            "field": "price",
            "description": "<p>Cours's price.</p>"
          },
          {
            "group": "Parameter",
            "optional": false,
            "field": "lessons",
            "description": "<p>Cours's lessons.</p>"
          },
          {
            "group": "Parameter",
            "optional": false,
            "field": "status",
            "description": "<p>Cours's status.</p>"
          }
        ]
      }
    },
    "success": {
      "fields": {
        "Success 200": [
          {
            "group": "Success 200",
            "type": "Object",
            "optional": false,
            "field": "cours",
            "description": "<p>Cours's data.</p>"
          }
        ]
      }
    },
    "error": {
      "fields": {
        "Error 4xx": [
          {
            "group": "Error 4xx",
            "type": "Object",
            "optional": false,
            "field": "400",
            "description": "<p>Some parameters may contain invalid values.</p>"
          },
          {
            "group": "Error 4xx",
            "optional": false,
            "field": "404",
            "description": "<p>Cours not found.</p>"
          },
          {
            "group": "Error 4xx",
            "optional": false,
            "field": "401",
            "description": "<p>admin access only.</p>"
          }
        ]
      }
    },
    "version": "0.0.0",
    "filename": "src/api/cours/index.js",
    "groupTitle": "Cours"
  },
  {
    "type": "post",
    "url": "/file-uploads",
    "title": "Create file upload",
    "name": "CreateFileUpload",
    "group": "FileUpload",
    "permission": [
      {
        "name": "admin",
        "title": "Admin access only",
        "description": "<p>You must pass <code>access_token</code> parameter or a Bearer Token authorization header to access this endpoint.</p>"
      }
    ],
    "parameter": {
      "fields": {
        "Parameter": [
          {
            "group": "Parameter",
            "type": "String",
            "optional": false,
            "field": "access_token",
            "description": "<p>admin access token.</p>"
          }
        ]
      }
    },
    "success": {
      "fields": {
        "Success 200": [
          {
            "group": "Success 200",
            "type": "Object",
            "optional": false,
            "field": "fileUpload",
            "description": "<p>File upload's data.</p>"
          }
        ]
      }
    },
    "error": {
      "fields": {
        "Error 4xx": [
          {
            "group": "Error 4xx",
            "type": "Object",
            "optional": false,
            "field": "400",
            "description": "<p>Some parameters may contain invalid values.</p>"
          },
          {
            "group": "Error 4xx",
            "optional": false,
            "field": "404",
            "description": "<p>File upload not found.</p>"
          },
          {
            "group": "Error 4xx",
            "optional": false,
            "field": "401",
            "description": "<p>admin access only.</p>"
          }
        ]
      }
    },
    "version": "0.0.0",
    "filename": "src/api/file-upload/index.js",
    "groupTitle": "FileUpload"
  },
  {
    "type": "get",
    "url": "/file-uploads/:id",
    "title": "Retrieve file upload",
    "name": "RetrieveFileUpload",
    "group": "FileUpload",
    "permission": [
      {
        "name": "admin",
        "title": "Admin access only",
        "description": "<p>You must pass <code>access_token</code> parameter or a Bearer Token authorization header to access this endpoint.</p>"
      }
    ],
    "parameter": {
      "fields": {
        "Parameter": [
          {
            "group": "Parameter",
            "type": "String",
            "optional": false,
            "field": "access_token",
            "description": "<p>admin access token.</p>"
          }
        ]
      }
    },
    "success": {
      "fields": {
        "Success 200": [
          {
            "group": "Success 200",
            "type": "Object",
            "optional": false,
            "field": "fileUpload",
            "description": "<p>File upload's data.</p>"
          }
        ]
      }
    },
    "error": {
      "fields": {
        "Error 4xx": [
          {
            "group": "Error 4xx",
            "type": "Object",
            "optional": false,
            "field": "400",
            "description": "<p>Some parameters may contain invalid values.</p>"
          },
          {
            "group": "Error 4xx",
            "optional": false,
            "field": "404",
            "description": "<p>File upload not found.</p>"
          },
          {
            "group": "Error 4xx",
            "optional": false,
            "field": "401",
            "description": "<p>admin access only.</p>"
          }
        ]
      }
    },
    "version": "0.0.0",
    "filename": "src/api/file-upload/index.js",
    "groupTitle": "FileUpload"
  },
  {
    "type": "post",
    "url": "/orders",
    "title": "Create order",
    "name": "CreateOrder",
    "group": "Order",
    "parameter": {
      "fields": {
        "Parameter": [
          {
            "group": "Parameter",
            "optional": false,
            "field": "studentId",
            "description": "<p>Order's studentId.</p>"
          },
          {
            "group": "Parameter",
            "optional": false,
            "field": "teacherId",
            "description": "<p>Order's teacherId.</p>"
          },
          {
            "group": "Parameter",
            "optional": false,
            "field": "timeTable",
            "description": "<p>Order's timeTable.</p>"
          },
          {
            "group": "Parameter",
            "optional": false,
            "field": "coursId",
            "description": "<p>Order's coursId.</p>"
          },
          {
            "group": "Parameter",
            "optional": false,
            "field": "records",
            "description": "<p>Order's records.</p>"
          }
        ]
      }
    },
    "success": {
      "fields": {
        "Success 200": [
          {
            "group": "Success 200",
            "type": "Object",
            "optional": false,
            "field": "order",
            "description": "<p>Order's data.</p>"
          }
        ]
      }
    },
    "error": {
      "fields": {
        "Error 4xx": [
          {
            "group": "Error 4xx",
            "type": "Object",
            "optional": false,
            "field": "400",
            "description": "<p>Some parameters may contain invalid values.</p>"
          },
          {
            "group": "Error 4xx",
            "optional": false,
            "field": "404",
            "description": "<p>Order not found.</p>"
          }
        ]
      }
    },
    "version": "0.0.0",
    "filename": "src/api/order/index.js",
    "groupTitle": "Order"
  },
  {
    "type": "post",
    "url": "/orders",
    "title": "Create order",
    "name": "CreateOrder",
    "group": "Order",
    "parameter": {
      "fields": {
        "Parameter": [
          {
            "group": "Parameter",
            "optional": false,
            "field": "studentId",
            "description": "<p>Order's studentId.</p>"
          },
          {
            "group": "Parameter",
            "optional": false,
            "field": "teacherId",
            "description": "<p>Order's teacherId.</p>"
          },
          {
            "group": "Parameter",
            "optional": false,
            "field": "timeTable",
            "description": "<p>Order's timeTable.</p>"
          },
          {
            "group": "Parameter",
            "optional": false,
            "field": "coursId",
            "description": "<p>Order's coursId.</p>"
          },
          {
            "group": "Parameter",
            "optional": false,
            "field": "records",
            "description": "<p>Order's records.</p>"
          }
        ]
      }
    },
    "success": {
      "fields": {
        "Success 200": [
          {
            "group": "Success 200",
            "type": "Object",
            "optional": false,
            "field": "order",
            "description": "<p>Order's data.</p>"
          }
        ]
      }
    },
    "error": {
      "fields": {
        "Error 4xx": [
          {
            "group": "Error 4xx",
            "type": "Object",
            "optional": false,
            "field": "400",
            "description": "<p>Some parameters may contain invalid values.</p>"
          },
          {
            "group": "Error 4xx",
            "optional": false,
            "field": "404",
            "description": "<p>Order not found.</p>"
          }
        ]
      }
    },
    "version": "0.0.0",
    "filename": "src/api/order/index.js",
    "groupTitle": "Order"
  },
  {
    "type": "post",
    "url": "/orders",
    "title": "Create order",
    "name": "CreateOrder",
    "group": "Order",
    "parameter": {
      "fields": {
        "Parameter": [
          {
            "group": "Parameter",
            "optional": false,
            "field": "studentId",
            "description": "<p>Order's studentId.</p>"
          },
          {
            "group": "Parameter",
            "optional": false,
            "field": "teacherId",
            "description": "<p>Order's teacherId.</p>"
          },
          {
            "group": "Parameter",
            "optional": false,
            "field": "timeTable",
            "description": "<p>Order's timeTable.</p>"
          },
          {
            "group": "Parameter",
            "optional": false,
            "field": "coursId",
            "description": "<p>Order's coursId.</p>"
          },
          {
            "group": "Parameter",
            "optional": false,
            "field": "records",
            "description": "<p>Order's records.</p>"
          }
        ]
      }
    },
    "success": {
      "fields": {
        "Success 200": [
          {
            "group": "Success 200",
            "type": "Object",
            "optional": false,
            "field": "order",
            "description": "<p>Order's data.</p>"
          }
        ]
      }
    },
    "error": {
      "fields": {
        "Error 4xx": [
          {
            "group": "Error 4xx",
            "type": "Object",
            "optional": false,
            "field": "400",
            "description": "<p>Some parameters may contain invalid values.</p>"
          },
          {
            "group": "Error 4xx",
            "optional": false,
            "field": "404",
            "description": "<p>Order not found.</p>"
          }
        ]
      }
    },
    "version": "0.0.0",
    "filename": "src/api/order/index.js",
    "groupTitle": "Order"
  },
  {
    "type": "delete",
    "url": "/orders/:id",
    "title": "Delete order",
    "name": "DeleteOrder",
    "group": "Order",
    "success": {
      "fields": {
        "Success 204": [
          {
            "group": "Success 204",
            "optional": false,
            "field": "204",
            "description": "<p>No Content.</p>"
          }
        ]
      }
    },
    "error": {
      "fields": {
        "Error 4xx": [
          {
            "group": "Error 4xx",
            "optional": false,
            "field": "404",
            "description": "<p>Order not found.</p>"
          }
        ]
      }
    },
    "version": "0.0.0",
    "filename": "src/api/order/index.js",
    "groupTitle": "Order"
  },
  {
    "type": "get",
    "url": "/orders/:id",
    "title": "Retrieve order",
    "name": "RetrieveOrder",
    "group": "Order",
    "success": {
      "fields": {
        "Success 200": [
          {
            "group": "Success 200",
            "type": "Object",
            "optional": false,
            "field": "order",
            "description": "<p>Order's data.</p>"
          }
        ]
      }
    },
    "error": {
      "fields": {
        "Error 4xx": [
          {
            "group": "Error 4xx",
            "type": "Object",
            "optional": false,
            "field": "400",
            "description": "<p>Some parameters may contain invalid values.</p>"
          },
          {
            "group": "Error 4xx",
            "optional": false,
            "field": "404",
            "description": "<p>Order not found.</p>"
          }
        ]
      }
    },
    "version": "0.0.0",
    "filename": "src/api/order/index.js",
    "groupTitle": "Order"
  },
  {
    "type": "get",
    "url": "/orders",
    "title": "Retrieve orders",
    "name": "RetrieveOrders",
    "group": "Order",
    "success": {
      "fields": {
        "Success 200": [
          {
            "group": "Success 200",
            "type": "Object[]",
            "optional": false,
            "field": "orders",
            "description": "<p>List of orders.</p>"
          }
        ]
      }
    },
    "error": {
      "fields": {
        "Error 4xx": [
          {
            "group": "Error 4xx",
            "type": "Object",
            "optional": false,
            "field": "400",
            "description": "<p>Some parameters may contain invalid values.</p>"
          }
        ]
      }
    },
    "version": "0.0.0",
    "filename": "src/api/order/index.js",
    "groupTitle": "Order",
    "parameter": {
      "fields": {
        "Parameter": [
          {
            "group": "Parameter",
            "type": "String",
            "optional": true,
            "field": "q",
            "description": "<p>Query to search.</p>"
          },
          {
            "group": "Parameter",
            "type": "Number",
            "size": "1..30",
            "optional": true,
            "field": "page",
            "defaultValue": "1",
            "description": "<p>Page number.</p>"
          },
          {
            "group": "Parameter",
            "type": "Number",
            "size": "1..100",
            "optional": true,
            "field": "limit",
            "defaultValue": "30",
            "description": "<p>Amount of returned items.</p>"
          },
          {
            "group": "Parameter",
            "type": "String[]",
            "optional": true,
            "field": "sort",
            "defaultValue": "-createdAt",
            "description": "<p>Order of returned items.</p>"
          },
          {
            "group": "Parameter",
            "type": "String[]",
            "optional": true,
            "field": "fields",
            "description": "<p>Fields to be returned.</p>"
          }
        ]
      }
    }
  },
  {
    "type": "put",
    "url": "/orders/:id",
    "title": "Update order",
    "name": "UpdateOrder",
    "group": "Order",
    "parameter": {
      "fields": {
        "Parameter": [
          {
            "group": "Parameter",
            "optional": false,
            "field": "studentId",
            "description": "<p>Order's studentId.</p>"
          },
          {
            "group": "Parameter",
            "optional": false,
            "field": "teacherId",
            "description": "<p>Order's teacherId.</p>"
          },
          {
            "group": "Parameter",
            "optional": false,
            "field": "timeTable",
            "description": "<p>Order's timeTable.</p>"
          },
          {
            "group": "Parameter",
            "optional": false,
            "field": "coursId",
            "description": "<p>Order's coursId.</p>"
          },
          {
            "group": "Parameter",
            "optional": false,
            "field": "records",
            "description": "<p>Order's records.</p>"
          }
        ]
      }
    },
    "success": {
      "fields": {
        "Success 200": [
          {
            "group": "Success 200",
            "type": "Object",
            "optional": false,
            "field": "order",
            "description": "<p>Order's data.</p>"
          }
        ]
      }
    },
    "error": {
      "fields": {
        "Error 4xx": [
          {
            "group": "Error 4xx",
            "type": "Object",
            "optional": false,
            "field": "400",
            "description": "<p>Some parameters may contain invalid values.</p>"
          },
          {
            "group": "Error 4xx",
            "optional": false,
            "field": "404",
            "description": "<p>Order not found.</p>"
          }
        ]
      }
    },
    "version": "0.0.0",
    "filename": "src/api/order/index.js",
    "groupTitle": "Order"
  },
  {
    "type": "post",
    "url": "/password-resets",
    "title": "Send email",
    "name": "SendPasswordReset",
    "group": "PasswordReset",
    "permission": [
      {
        "name": "master",
        "title": "Master access only",
        "description": "<p>You must pass <code>access_token</code> parameter or a Bearer Token authorization header to access this endpoint.</p>"
      }
    ],
    "parameter": {
      "fields": {
        "Parameter": [
          {
            "group": "Parameter",
            "type": "String",
            "optional": false,
            "field": "email",
            "description": "<p>Email address to receive the password reset token.</p>"
          },
          {
            "group": "Parameter",
            "type": "String",
            "optional": false,
            "field": "link",
            "description": "<p>Link to redirect user.</p>"
          }
        ]
      }
    },
    "success": {
      "fields": {
        "Success 202": [
          {
            "group": "Success 202",
            "optional": false,
            "field": "202",
            "description": "<p>Accepted.</p>"
          }
        ]
      }
    },
    "error": {
      "fields": {
        "Error 4xx": [
          {
            "group": "Error 4xx",
            "type": "Object",
            "optional": false,
            "field": "400",
            "description": "<p>Some parameters may contain invalid values.</p>"
          }
        ]
      }
    },
    "version": "0.0.0",
    "filename": "src/api/password-reset/index.js",
    "groupTitle": "PasswordReset"
  },
  {
    "type": "put",
    "url": "/password-resets/:token",
    "title": "Submit password",
    "name": "SubmitPasswordReset",
    "group": "PasswordReset",
    "parameter": {
      "fields": {
        "Parameter": [
          {
            "group": "Parameter",
            "type": "String",
            "size": "6..",
            "optional": false,
            "field": "password",
            "description": "<p>User's new password.</p>"
          }
        ]
      }
    },
    "success": {
      "fields": {
        "Success 200": [
          {
            "group": "Success 200",
            "type": "Object",
            "optional": false,
            "field": "user",
            "description": "<p>User's data.</p>"
          }
        ]
      }
    },
    "error": {
      "fields": {
        "Error 4xx": [
          {
            "group": "Error 4xx",
            "type": "Object",
            "optional": false,
            "field": "400",
            "description": "<p>Some parameters may contain invalid values.</p>"
          },
          {
            "group": "Error 4xx",
            "optional": false,
            "field": "404",
            "description": "<p>Token has expired or doesn't exist.</p>"
          }
        ]
      }
    },
    "version": "0.0.0",
    "filename": "src/api/password-reset/index.js",
    "groupTitle": "PasswordReset"
  },
  {
    "type": "get",
    "url": "/password-resets/:token",
    "title": "Verify token",
    "name": "VerifyPasswordReset",
    "group": "PasswordReset",
    "success": {
      "fields": {
        "Success 200": [
          {
            "group": "Success 200",
            "type": "String",
            "optional": false,
            "field": "token",
            "description": "<p>Password reset token.</p>"
          },
          {
            "group": "Success 200",
            "type": "Object",
            "optional": false,
            "field": "user",
            "description": "<p>User's data.</p>"
          }
        ]
      }
    },
    "error": {
      "fields": {
        "Error 4xx": [
          {
            "group": "Error 4xx",
            "optional": false,
            "field": "404",
            "description": "<p>Token has expired or doesn't exist.</p>"
          }
        ]
      }
    },
    "version": "0.0.0",
    "filename": "src/api/password-reset/index.js",
    "groupTitle": "PasswordReset"
  },
  {
    "type": "post",
    "url": "/users/create",
    "title": "Create user",
    "name": "CreateUser",
    "group": "User",
    "permission": [
      {
        "name": "master",
        "title": "Master access only",
        "description": "<p>You must pass <code>access_token</code> parameter or a Bearer Token authorization header to access this endpoint.</p>"
      }
    ],
    "parameter": {
      "fields": {
        "Parameter": [
          {
            "group": "Parameter",
            "type": "String",
            "optional": false,
            "field": "access_token",
            "description": "<p>Master access_token.</p>"
          },
          {
            "group": "Parameter",
            "type": "String",
            "optional": false,
            "field": "email",
            "description": "<p>User's email.</p>"
          },
          {
            "group": "Parameter",
            "type": "String",
            "size": "6..",
            "optional": false,
            "field": "password",
            "description": "<p>User's password.</p>"
          },
          {
            "group": "Parameter",
            "type": "String",
            "optional": true,
            "field": "name",
            "description": "<p>User's name.</p>"
          },
          {
            "group": "Parameter",
            "type": "String",
            "optional": true,
            "field": "picture",
            "description": "<p>User's picture.</p>"
          },
          {
            "group": "Parameter",
            "type": "String",
            "allowedValues": [
              "user",
              "admin"
            ],
            "optional": true,
            "field": "role",
            "defaultValue": "user",
            "description": "<p>User's role.</p>"
          }
        ]
      }
    },
    "success": {
      "fields": {
        "Sucess 201": [
          {
            "group": "Sucess 201",
            "type": "Object",
            "optional": false,
            "field": "user",
            "description": "<p>User's data.</p>"
          }
        ]
      }
    },
    "error": {
      "fields": {
        "Error 4xx": [
          {
            "group": "Error 4xx",
            "type": "Object",
            "optional": false,
            "field": "400",
            "description": "<p>Some parameters may contain invalid values.</p>"
          },
          {
            "group": "Error 4xx",
            "optional": false,
            "field": "401",
            "description": "<p>Master access only.</p>"
          },
          {
            "group": "Error 4xx",
            "optional": false,
            "field": "409",
            "description": "<p>Email already registered.</p>"
          }
        ]
      }
    },
    "version": "0.0.0",
    "filename": "src/api/user/index.js",
    "groupTitle": "User"
  },
  {
    "type": "delete",
    "url": "/users/:id",
    "title": "Delete user",
    "name": "DeleteUser",
    "group": "User",
    "permission": [
      {
        "name": "admin",
        "title": "Admin access only",
        "description": "<p>You must pass <code>access_token</code> parameter or a Bearer Token authorization header to access this endpoint.</p>"
      }
    ],
    "parameter": {
      "fields": {
        "Parameter": [
          {
            "group": "Parameter",
            "type": "String",
            "optional": false,
            "field": "access_token",
            "description": "<p>User access_token.</p>"
          }
        ]
      }
    },
    "success": {
      "fields": {
        "Success 204": [
          {
            "group": "Success 204",
            "optional": false,
            "field": "204",
            "description": "<p>No Content.</p>"
          }
        ]
      }
    },
    "error": {
      "fields": {
        "Error 4xx": [
          {
            "group": "Error 4xx",
            "optional": false,
            "field": "401",
            "description": "<p>Admin access only.</p>"
          },
          {
            "group": "Error 4xx",
            "optional": false,
            "field": "404",
            "description": "<p>User not found.</p>"
          }
        ]
      }
    },
    "version": "0.0.0",
    "filename": "src/api/user/index.js",
    "groupTitle": "User"
  },
  {
    "type": "get",
    "url": "/users/me",
    "title": "Retrieve current user",
    "name": "RetrieveCurrentUser",
    "group": "User",
    "permission": [
      {
        "name": "user",
        "title": "User access only",
        "description": "<p>You must pass <code>access_token</code> parameter or a Bearer Token authorization header to access this endpoint.</p>"
      }
    ],
    "parameter": {
      "fields": {
        "Parameter": [
          {
            "group": "Parameter",
            "type": "String",
            "optional": false,
            "field": "access_token",
            "description": "<p>User access_token.</p>"
          }
        ]
      }
    },
    "success": {
      "fields": {
        "Success 200": [
          {
            "group": "Success 200",
            "type": "Object",
            "optional": false,
            "field": "user",
            "description": "<p>User's data.</p>"
          }
        ]
      }
    },
    "version": "0.0.0",
    "filename": "src/api/user/index.js",
    "groupTitle": "User"
  },
  {
    "type": "get",
    "url": "/users/:id",
    "title": "Retrieve user",
    "name": "RetrieveUser",
    "group": "User",
    "permission": [
      {
        "name": "public"
      }
    ],
    "success": {
      "fields": {
        "Success 200": [
          {
            "group": "Success 200",
            "type": "Object",
            "optional": false,
            "field": "user",
            "description": "<p>User's data.</p>"
          }
        ]
      }
    },
    "error": {
      "fields": {
        "Error 4xx": [
          {
            "group": "Error 4xx",
            "optional": false,
            "field": "404",
            "description": "<p>User not found.</p>"
          }
        ]
      }
    },
    "version": "0.0.0",
    "filename": "src/api/user/index.js",
    "groupTitle": "User"
  },
  {
    "type": "get",
    "url": "/users",
    "title": "Retrieve users",
    "name": "RetrieveUsers",
    "group": "User",
    "permission": [
      {
        "name": "admin",
        "title": "Admin access only",
        "description": "<p>You must pass <code>access_token</code> parameter or a Bearer Token authorization header to access this endpoint.</p>"
      }
    ],
    "parameter": {
      "fields": {
        "Parameter": [
          {
            "group": "Parameter",
            "type": "String",
            "optional": false,
            "field": "access_token",
            "description": "<p>User access_token.</p>"
          },
          {
            "group": "Parameter",
            "type": "String",
            "optional": true,
            "field": "q",
            "description": "<p>Query to search.</p>"
          },
          {
            "group": "Parameter",
            "type": "Number",
            "size": "1..30",
            "optional": true,
            "field": "page",
            "defaultValue": "1",
            "description": "<p>Page number.</p>"
          },
          {
            "group": "Parameter",
            "type": "Number",
            "size": "1..100",
            "optional": true,
            "field": "limit",
            "defaultValue": "30",
            "description": "<p>Amount of returned items.</p>"
          },
          {
            "group": "Parameter",
            "type": "String[]",
            "optional": true,
            "field": "sort",
            "defaultValue": "-createdAt",
            "description": "<p>Order of returned items.</p>"
          },
          {
            "group": "Parameter",
            "type": "String[]",
            "optional": true,
            "field": "fields",
            "description": "<p>Fields to be returned.</p>"
          }
        ]
      }
    },
    "success": {
      "fields": {
        "Success 200": [
          {
            "group": "Success 200",
            "type": "Object[]",
            "optional": false,
            "field": "users",
            "description": "<p>List of users.</p>"
          }
        ]
      }
    },
    "error": {
      "fields": {
        "Error 4xx": [
          {
            "group": "Error 4xx",
            "type": "Object",
            "optional": false,
            "field": "400",
            "description": "<p>Some parameters may contain invalid values.</p>"
          },
          {
            "group": "Error 4xx",
            "optional": false,
            "field": "401",
            "description": "<p>Admin access only.</p>"
          }
        ]
      }
    },
    "version": "0.0.0",
    "filename": "src/api/user/index.js",
    "groupTitle": "User"
  },
  {
    "type": "put",
    "url": "/users/:id/password",
    "title": "Update password",
    "name": "UpdatePassword",
    "group": "User",
    "header": {
      "fields": {
        "Header": [
          {
            "group": "Header",
            "type": "String",
            "optional": false,
            "field": "Authorization",
            "description": "<p>Basic authorization with email and password.</p>"
          }
        ]
      }
    },
    "parameter": {
      "fields": {
        "Parameter": [
          {
            "group": "Parameter",
            "type": "String",
            "size": "6..",
            "optional": false,
            "field": "password",
            "description": "<p>User's new password.</p>"
          }
        ]
      }
    },
    "success": {
      "fields": {
        "Success 201": [
          {
            "group": "Success 201",
            "type": "Object",
            "optional": false,
            "field": "user",
            "description": "<p>User's data.</p>"
          }
        ]
      }
    },
    "error": {
      "fields": {
        "Error 4xx": [
          {
            "group": "Error 4xx",
            "type": "Object",
            "optional": false,
            "field": "400",
            "description": "<p>Some parameters may contain invalid values.</p>"
          },
          {
            "group": "Error 4xx",
            "optional": false,
            "field": "401",
            "description": "<p>Current user access only.</p>"
          },
          {
            "group": "Error 4xx",
            "optional": false,
            "field": "404",
            "description": "<p>User not found.</p>"
          }
        ]
      }
    },
    "version": "0.0.0",
    "filename": "src/api/user/index.js",
    "groupTitle": "User"
  },
  {
    "type": "put",
    "url": "/users/:id",
    "title": "Update user",
    "name": "UpdateUser",
    "group": "User",
    "permission": [
      {
        "name": "user",
        "title": "User access only",
        "description": "<p>You must pass <code>access_token</code> parameter or a Bearer Token authorization header to access this endpoint.</p>"
      }
    ],
    "parameter": {
      "fields": {
        "Parameter": [
          {
            "group": "Parameter",
            "type": "String",
            "optional": false,
            "field": "access_token",
            "description": "<p>User access_token.</p>"
          },
          {
            "group": "Parameter",
            "type": "String",
            "optional": true,
            "field": "name",
            "description": "<p>User's name.</p>"
          },
          {
            "group": "Parameter",
            "type": "String",
            "optional": true,
            "field": "picture",
            "description": "<p>User's picture.</p>"
          }
        ]
      }
    },
    "success": {
      "fields": {
        "Success 200": [
          {
            "group": "Success 200",
            "type": "Object",
            "optional": false,
            "field": "user",
            "description": "<p>User's data.</p>"
          }
        ]
      }
    },
    "error": {
      "fields": {
        "Error 4xx": [
          {
            "group": "Error 4xx",
            "type": "Object",
            "optional": false,
            "field": "400",
            "description": "<p>Some parameters may contain invalid values.</p>"
          },
          {
            "group": "Error 4xx",
            "optional": false,
            "field": "401",
            "description": "<p>Current user or admin access only.</p>"
          },
          {
            "group": "Error 4xx",
            "optional": false,
            "field": "404",
            "description": "<p>User not found.</p>"
          }
        ]
      }
    },
    "version": "0.0.0",
    "filename": "src/api/user/index.js",
    "groupTitle": "User"
  }
]
